{"cameraMode":{"drawMode":0,"name":"Shaded","section":"Shading Mode"},"sceneLighting":true,"audioPlay":false,"sceneViewState":{"showFog":true,"showMaterialUpdate":false,"showSkybox":false,"showFlares":true,"showImageEffects":true,"showParticleSystems":true},"in2DMode":false,"pivot":{"x":-13.005346298217774,"y":45.70265197753906,"z":19.145662307739259},"rotation":{"x":-0.3202374279499054,"y":-0.6467093229293823,"z":0.3446912467479706,"w":-0.6004594564437866},"size":8.109688758850098,"orthographic":false}