{"cameraMode":{"drawMode":0,"name":"Shaded","section":"Shading Mode"},"sceneLighting":true,"audioPlay":false,"sceneViewState":{"showFog":true,"showMaterialUpdate":false,"showSkybox":true,"showFlares":true,"showImageEffects":true,"showParticleSystems":true},"in2DMode":false,"pivot":{"x":132.5297088623047,"y":34.28577423095703,"z":-50.29046630859375},"rotation":{"x":0.2756572663784027,"y":0.01729542762041092,"z":-0.004977192729711533,"w":0.9611272215843201},"size":12.86319351196289,"orthographic":false}