{"cameraMode":{"drawMode":0,"name":"Shaded","section":"Shading Mode"},"sceneLighting":true,"audioPlay":false,"sceneViewState":{"showFog":true,"showMaterialUpdate":false,"showSkybox":true,"showFlares":true,"showImageEffects":true,"showParticleSystems":true},"in2DMode":false,"pivot":{"x":131.35301208496095,"y":37.88870620727539,"z":-48.76091384887695},"rotation":{"x":0.12591639161109925,"y":-0.031249213963747026,"z":0.003954240120947361,"w":0.9915795922279358},"size":12.86319351196289,"orthographic":false}